,SID,PDS_F1,PDS_F2,PDS_F3,PDS_F4,PDS_F5,PDS_F6,PDS_F9,PDS_F10,PDS_F7,PDS_F8,PBIP_1A,PBIP_1B,PBIP_2A,PBIP_2B,FSMI_1,FSMI_2,FSMI_3,FSMI_4,FSMI_4_5_TEXT,FSMI_5,FSMI_6,FSMI_6_4_TEXT,FSMI_7_37,FSMI_7_38,FSMI_7_39,FSMI_7_40,FSMI_7_41,FSMI_7_42,K_SRQ_9,K_SRQ_19,K_SRQ_23,K_SOIR_1,K_SOIR_2,K_SOIR_4,K_SOIR_5,K_SOIR_6,K_SOIR_7,K_SOIR_8,K_SOIR_9,K_SOIR_10,K_SOIR_11,K_SOIR_12,mate_seeking,average.srq,pub_comp,aam_years,Testosterone_pg_mL,Testosterone_log,Testosterone_nontran_win
2,3,4,3,3,4,3,1,11/15/16,12/30/18,15,10,5,5,3,3,2,NA,3,1,,5,2,,5,4,3,3,4,4,6,6,6,1,1,NA,NA,NA,NA,NA,NA,NA,NA,NA,4.5,6,4.25,12.75,47.117,3.85263387,47.117
3,7,4,4,3,4,3,1,17-Sep,10/9/18,21,12,4,5,5,4,2,NA,0,1,,5,2,,2,5,4,6,4,5,5,5,4,2,NA,NA,NA,NA,NA,NA,NA,NA,NA,NA,3.666666667,4.666666667,4.75,14.75,41.559,3.727114104,41.559
7,24,3,3,2,2,4,0,,,17,9,3,4,4,3,2,NA,4,5,bisexual and unsure,3,2,,NA,NA,NA,NA,NA,NA,4,5,4,2,2,1,1,1,3,2,5,2,2,1,NA,4.333333333,3.25,NA,39.246,3.669849528,39.246
13,40,4,4,3,3,3,1,2017 june,2019 february 07,17,9,4,3,5,4,2,NA,1,1,,5,2,,5,5,2,4,2,4,5,7,7,1,2,1,1,1,5,1,5,5,5,2,5,6.333333333,4.75,12,22.648,3.120071548,22.648
14,41,4,4,4,4,2,1,10-Oct-15,30-Jan-29,19,10,5,4,5,4,2,NA,2,1,,5,2,,7,5,1,3,2,5,7,7,7,1,1,3,4,2,4,4,1,4,4,4,5.833333333,7,5,11.5,36.454,3.596051192,36.454
17,47,3,3,3,3,3,1,april 15th 2018,october 2nd 2018,16,7,4,5,4,5,2,NA,1,1,,5,2,,1,1,4,4,4,1,3,1,1,2,NA,NA,NA,NA,NA,NA,NA,NA,NA,NA,2.5,1.666666667,4.25,13.25,14.859,2.698605742,17.1547
18,48,2,4,3,3,2,1,september of 2014? probably around the 16th,"March 5th, 2019",17,13,3,4,5,4,2,NA,4,3,,2,3,,2,3,6,7,4,2,7,7,5,1,1,NA,NA,NA,NA,NA,NA,NA,NA,NA,2.333333333,6.333333333,4,10,55.629,4.018704648,55.629
19,50,4,4,3,4,2,1,7/4/16,10/26/18,18,12,5,4,5,4,2,NA,2,1,,4,2,,6,5,6,3,2,6,2,4,4,2,NA,NA,NA,NA,NA,NA,NA,NA,NA,NA,5,3.333333333,5,12.92,46.254,3.834147947,46.254
21,57,3,4,3,2,4,1,"late september, 2016",12-Oct-18,18,8,4,3,NA,NA,2,NA,4,5,pansexual,3,2,,5,5,2,4,2,5,6,5,6,1,2,2,2,1,2,1,3,3,5,2,5.166666667,5.666666667,4.25,12.58,73.505,4.297353431,73.505
25,68,4,3,3,2,3,1,december 2017 i dont know what day,two weeks ago,18,11,4,5,4,4,2,NA,2,1,,5,2,,4,3,2,6,3,3,6,6,4,2,NA,NA,NA,NA,NA,NA,NA,NA,NA,NA,3.833333333,5.333333333,4.25,12.5,40.065,3.690503135,40.065
31,84,4,4,3,3,1,1,3/?/14,8/26/18,17,10,4,5,5,4,2,NA,2,1,,5,2,,5,5,3,6,5,5,5,4,4,2,NA,NA,NA,NA,NA,NA,NA,NA,NA,NA,4.166666667,4.333333333,4.75,9.25,33.484,3.511067713,33.484
37,102,4,4,4,4,3,1,july 23rd 2017 (?),september 26th,18,12,4,5,4,5,2,NA,4,1,,5,1,,4,3,5,6,3,4,3,2,3,2,2,1,1,1,2,1,5,1,3,1,3.5,2.666666667,4.5,12.67,46.453,3.838441049,46.453
44,132,3,3,3,3,4,0,,,18,14,3,4,5,4,2,NA,2,1,,5,2,,6,6,1,3,2,6,7,6,6,1,2,2,2,2,3,3,4,4,5,3,6,6.333333333,3.75,NA,43.429,3.771127421,43.429
53,186,3,3,3,3,4,1,march 24 2019,april 29 2019,19,13,4,3,5,4,2,NA,2,1,,5,2,,1,4,3,6,5,4,4,5,5,1,2,2,2,1,3,2,4,2,1,1,3.166666667,4.666666667,4.5,14.83,55.923,4.023975745,55.923
58,205,4,4,3,2,3,1,12/21/16,7/2/19,16,12,3,4,3,4,2,NA,7,4,,4,2,,3,3,3,5,4,4,5,5,6,1,3,3,3,2,5,5,1,1,3,2,3.666666667,5.333333333,4,12.25,37.399,3.621643966,37.399
65,238,4,3,3,2,4,0,none,none,18,10,3,4,4,5,2,NA,1,1,,5,2,,3,2,6,6,6,3,2,4,2,2,2,1,1,1,1,1,5,1,2,1,2.333333333,2.666666667,4,NA,53.678,3.983003234,53.678
67,303,3,4,4,2,3,1,18-Jul,13-Aug,15,8,4,2,5,4,2,NA,7,1,,5,2,,6,7,1,4,2,6,7,7,7,1,2,3,3,1,3,2,3,4,4,1,6,7,4.25,13.17,75.991,4.330614912,75.991
68,304,2,3,3,4,1,1,"december,16,2014","august,16,2019",6,10,5,4,3,4,2,NA,5,1,,5,2,,3,1,2,1,3,4,5,2,4,1,2,2,3,1,1,1,4,1,2,1,4.333333333,3.666666667,4.25,9.08,NA,NA,NA
69,305,4,3,3,3,3,1,November 20th 2018,September 30th 2019,20,13,5,5,4,5,2,NA,5,1,,5,2,,7,5,2,4,1,3,6,5,3,2,2,1,1,1,2,1,4,4,3,1,5.333333333,4.666666667,4.5,12.25,46.4,3.837299459,46.4
72,309,3,4,3,3,3,1,≈2 years ago,10/11/19,14,9,4,5,4,5,2,NA,1,1,,5,2,,4,4,4,6,4,4,6,2,4,3,2,1,1,1,3,3,5,1,2,1,3.666666667,4,4.5,11.5,106.795,4.395412402,106.795
73,311,4,3,3,3,3,1,10/9/19,10/6/19,18,9,3,2,4,3,2,NA,1,1,,5,2,,4,5,3,2,3,4,3,5,2,2,2,1,1,1,1,1,5,2,2,2,4.833333333,3.333333333,4,13.58,57.543,4.052532494,57.543
74,312,2,3,3,2,4,1,i dont remember when but sometime last month this year,yesterday,15,9,3,4,4,5,2,NA,2,4,,4,2,,3,5,4,6,6,6,3,4,4,1,2,2,3,1,2,3,4,1,1,1,3.666666667,3.666666667,3.75,12,32.797,3.490337048,32.797
5,19,4,4,2,4,2,1,november 5th 2015,november 15th 2018,15,8,5,4,5,4,3,NA,NA,1,,5,2,,5,4,3,4,2,4,5,4,4,2,NA,NA,NA,NA,NA,NA,NA,NA,NA,NA,4.666666667,4.333333333,4.75,12.17,35.523,3.570180374,35.523
20,53,4,4,3,4,2,1,"August 20th, 2016",dont remember,20,14,4,3,5,4,3,NA,NA,2,,2,3,,7,7,2,5,1,7,7,7,4,2,NA,NA,NA,NA,NA,NA,NA,NA,NA,NA,6.166666667,6,4.75,12.83,35.209,3.561301732,35.209
24,62,4,4,2,3,2,1,january 20 2017 (about),dec 28 2018,17,11,5,5,4,5,3,NA,NA,1,,5,2,,7,6,2,3,1,4,7,3,5,2,NA,NA,NA,NA,NA,NA,NA,NA,NA,NA,5.833333333,5,4.5,10.5,18.445,2.914793331,18.445
27,76,3,3,2,3,3,1,february 17 2018,december 16 2018,21,8,4,3,4,5,3,NA,NA,1,,5,2,,2,4,3,6,3,5,3,4,2,2,NA,NA,NA,NA,NA,NA,NA,NA,NA,NA,3.833333333,3,4,14,29.193,3.373928955,29.193
32,85,4,3,3,3,2,1,2/16/16,12/3/18,24,26,4,3,4,5,3,NA,NA,3,,3,4,genderfluid,5,6,4,5,5,6,6,6,6,2,NA,NA,NA,NA,NA,NA,NA,NA,NA,NA,4.5,6,4.25,11.75,45.428,3.816128655,45.428
36,101,2,3,3,3,3,1,21-Jun-17,4-Jun-19,17,11,4,5,4,5,3,NA,NA,1,,4,2,,5,6,3,5,2,5,6,6,5,1,2,2,2,1,4,4,3,2,3,2,5,5.666666667,3.75,12.17,66.515,4.197427486,66.515
40,110,3,3,3,3,4,0,,,19,8,3,4,3,4,3,NA,NA,1,,5,2,,6,6,2,5,3,5,2,4,3,2,2,1,1,1,1,1,5,1,1,1,5.166666667,3,3.25,NA,38.266,3.644561773,38.266
41,120,3,3,2,3,3,1,8/3/18,7/31/19,20,14,4,3,4,3,3,NA,NA,4,,4,2,,6,6,2,3,2,6,6,6,4,2,2,1,1,1,4,4,2,4,4,4,5.833333333,5.333333333,4,13.08,37.358,3.620547079,37.358
45,138,4,4,3,4,1,1,july 28 2017,march 2 2019,23,24,5,4,5,4,3,NA,NA,3,,3,2,,7,7,6,6,1,6,NA,NA,NA,NA,NA,NA,NA,NA,NA,NA,NA,NA,NA,NA,5.166666667,NA,5,11.83,NA,NA,NA
49,167,3,3,3,3,4,1,15-Jul-18,6-Jul-19,20,9,4,5,4,5,3,NA,NA,4,,4,2,,5,5,3,5,3,4,5,5,4,2,2,1,1,1,1,1,5,1,2,1,4.5,4.666666667,4.25,13.92,60.367,4.100442598,60.367
52,180,4,4,4,4,2,1,"not sure, some time in the first half of 2016",June 17 2019,15,10,5,3,5,4,3,NA,NA,4,,6,4,genderfluid,1,6,5,6,5,5,6,4,4,1,2,1,3,3,5,1,2,1,1,1,3.333333333,4.666666667,5,11.75,81.228,4.395412402,81.228
54,188,2,3,2,2,4,1,4/15/19,7/12/19,15,6,2,3,3,2,3,NA,NA,2,,6,4,non-binary,2,4,4,6,4,4,4,1,4,2,2,1,1,1,3,1,5,1,2,1,3.333333333,3,3,11.58,30.704,3.424392939,30.704
55,200,4,4,2,3,2,1,11/22/18,7/18/19,17,8,4,5,5,4,3,NA,NA,1,,5,2,,5,6,2,7,2,6,2,1,1,1,2,1,2,1,NA,1,5,1,2,1,5,1.333333333,4.5,12.08,8.613,2.26581155,17.1547
59,207,1,3,4,3,5,0,,,14,11,4,5,4,3,3,NA,NA,1,,5,2,,3,5,2,3,5,5,5,5,4,2,2,1,1,1,2,1,4,1,2,1,4.5,4.666666667,4.25,NA,35.729,3.575962684,35.729
75,313,4,4,4,4,3,1,6/15/18,10/4/19,19,11,4,5,5,5,3,NA,NA,1,,5,2,,1,1,3,7,5,7,7,6,1,2,2,1,1,1,1,1,5,5,5,5,3,4.666666667,4.75,NA,46.304,3.83522835,46.304
4,17,1,4,4,2,3,1,7/25/17,5/19/19,13,9,3,4,4,5,4,NA,NA,NA,,NA,2,,2,2,7,7,7,1,2,4,4,2,NA,NA,NA,NA,NA,NA,NA,NA,NA,NA,1.333333333,3.333333333,4,12.17,34.675,3.546018966,34.675
9,30,3,3,2,3,3,1,july 26 2017,october 4th 2018,21,10,4,3,4,3,4,NA,NA,1,,5,2,,1,1,7,7,7,1,NA,NA,NA,NA,NA,NA,NA,NA,NA,NA,NA,NA,NA,NA,1,NA,4,12.17,28.452,3.348218457,28.452
10,32,4,4,3,4,2,1,7/4/16,1/19/19,14,15,5,4,5,4,4,NA,NA,NA,,NA,2,,2,2,6,6,5,2,5,3,4,2,NA,NA,NA,NA,NA,NA,NA,NA,NA,NA,2.166666667,4,5,12.5,41.719,3.730956661,41.719
11,34,3,3,3,3,4,1,"May 18th, 2016",October 2018 not sure the exact day,18,14,4,3,4,5,4,NA,NA,NA,,NA,2,,6,6,2,6,3,5,7,2,4,2,NA,NA,NA,NA,NA,NA,NA,NA,NA,NA,5,4.333333333,4.25,12.08,26.934,3.293389429,26.934
15,45,3,3,3,3,2,1,2016,1\31\19,19,10,4,5,4,3,4,NA,NA,NA,,NA,2,,1,1,1,6,6,6,4,4,4,2,NA,NA,NA,NA,NA,NA,NA,NA,NA,NA,3.166666667,4,4.25,11.08,31.958,3.464422541,31.958
16,46,2,2,2,2,3,0,,,13,6,3,2,2,2,4,0,0,5,,5,2,,5,2,2,5,4,2,5,2,1,2,NA,NA,NA,NA,NA,NA,NA,NA,NA,NA,3.666666667,2.666666667,2.75,NA,24.434,3.195975605,24.434
23,60,3,4,3,3,3,1,6/28/18,1/1/19,16,10,4,5,4,5,4,NA,NA,NA,,NA,2,,4,3,4,6,6,4,4,4,4,2,NA,NA,NA,NA,NA,NA,NA,NA,NA,NA,3.166666667,4,4.5,12.92,50.183,3.915676324,50.183
26,74,3,3,3,2,4,0,,,17,8,3,2,3,4,4,NA,NA,NA,,NA,2,,4,2,7,7,5,2,5,3,2,2,2,1,1,1,1,1,5,1,1,1,2.166666667,3.333333333,3.25,NA,18.608,2.923591596,18.608
28,77,4,3,3,3,4,0,,,19,9,3,4,3,4,4,NA,NA,NA,,NA,2,,4,4,4,4,3,4,4,1,1,2,2,1,1,1,1,1,5,1,1,1,4.166666667,2,3.75,NA,22.843,3.128644725,22.843
29,80,4,4,2,3,3,1,2017,3/13/19,19,19,3,4,4,5,4,NA,NA,NA,,NA,2,,2,3,6,6,6,2,3,3,2,1,2,2,2,2,3,2,2,1,2,1,2.166666667,2.666666667,4,12.58,54.445,3.997191018,54.445
30,81,3,4,3,3,4,1,May 2019 (I do not remember the day),May 2019 (i do not remember the day),14,5,4,5,5,5,4,NA,NA,NA,,NA,2,,4,1,6,7,5,4,5,2,6,2,2,1,1,1,1,1,5,2,2,2,2.5,4.333333333,4.75,12.58,29.065,3.369534701,29.065
33,86,3,4,3,3,3,1,December 17 2017,12/9/18,18,18,4,5,4,5,4,NA,NA,NA,,NA,2,,5,3,6,6,4,2,5,3,4,2,NA,NA,NA,NA,NA,NA,NA,NA,NA,NA,3,4,4.5,12.92,55.54,4.017103482,55.54
34,87,2,3,1,3,2,1,july 20 2017,august 2 2019,15,8,4,5,4,5,4,NA,NA,NA,,NA,2,,2,1,6,6,3,1,5,5,2,2,2,1,1,1,1,1,5,1,2,1,2.166666667,4,3.5,10.58,23.026,3.136624012,23.026
35,89,4,3,3,3,2,1,2014,12/5/18,15,15,3,4,3,4,4,NA,NA,NA,,NA,2,,1,1,1,1,1,1,1,1,1,2,NA,NA,NA,NA,NA,NA,NA,NA,NA,NA,4,1,3.75,9.58,35.413,3.567078984,35.413
38,103,3,3,3,3,3,1,18-Jan,7-May,17,8,4,5,4,5,4,NA,NA,NA,,NA,2,,4,3,4,5,5,3,5,5,6,1,2,2,2,2,4,3,2,2,2,2,3.333333333,5.333333333,4.25,16.92,34.187,3.531845455,34.187
39,106,2,2,2,2,3,0,,,13,5,3,4,3,4,4,NA,NA,NA,,NA,2,,2,2,2,2,6,2,4,2,1,2,NA,NA,NA,NA,NA,NA,NA,NA,NA,NA,3.333333333,2.333333333,2.75,NA,18.926,2.940536638,18.926
42,122,2,3,2,3,3,0,nope,nope,15,7,3,4,3,4,4,NA,NA,NA,,NA,2,,3,2,4,5,5,2,5,4,4,2,2,1,1,1,2,2,4,2,2,2,2.833333333,4.333333333,3,NA,32.369,3.477201175,32.369
43,131,3,4,4,3,3,1,6/20/18,4/15/19,15,8,4,5,5,4,4,NA,NA,NA,,NA,2,,2,2,6,7,6,3,4,4,2,2,NA,NA,NA,NA,NA,NA,NA,NA,NA,NA,2,3.333333333,4.75,13.17,26.897,3.292014756,26.897
46,140,3,4,3,3,3,1,"2016, November",february 19-ish,14,8,4,3,4,5,4,NA,NA,NA,,NA,2,,3,2,5,6,4,2,4,3,2,2,NA,NA,NA,NA,NA,NA,NA,NA,NA,NA,2.666666667,3,4.5,12.5,46.954,3.849168399,46.954
47,141,4,4,2,4,2,1,I forgot,3/11/19,19,11,4,3,4,3,4,NA,NA,NA,,NA,2,,2,2,5,5,6,3,2,2,1,2,NA,NA,NA,NA,NA,NA,NA,NA,NA,NA,2.5,1.666666667,4.25,11.33,39.028,3.664279337,39.028
50,176,4,4,4,3,3,1,idk exactly when but right before 7th grade,two days ago,18,12,5,5,5,5,4,NA,NA,NA,,NA,2,,4,3,4,4,3,3,3,3,3,1,2,1,1,1,3,1,4,1,1,1,3.833333333,3,5,11.42,57.45,4.050915004,57.45
51,179,3,4,4,3,2,1,march 31 2019,august 26 2019,16,12,4,5,5,4,4,NA,NA,NA,,NA,2,,6,6,4,3,1,5,5,1,4,2,2,1,1,1,2,1,5,1,2,2,5.5,3.333333333,4.75,12.33,38.551,3.65198204,38.551
60,210,3,3,2,2,4,0,,,18,10,3,4,3,4,4,NA,NA,NA,,NA,2,,5,3,3,5,3,2,3,3,3,2,NA,NA,NA,NA,NA,NA,NA,NA,NA,NA,3.833333333,3,3,NA,79.741,4.378783883,79.741
61,220,3,3,3,3,2,1,"August 3rd, 2018","May 22nd, 2019",15,7,4,5,4,5,4,NA,NA,NA,,NA,2,,2,2,6,6,6,2,4,1,4,2,2,1,1,1,1,1,4,1,1,1,2,3,4.25,11.5,17.63,2.869601996,17.63
62,223,3,3,2,3,3,0,i have not had my period.,i have not had my period.,19,14,3,4,3,4,4,NA,NA,NA,,NA,2,,2,2,5,6,6,2,4,2,2,2,2,1,1,1,3,3,4,1,1,1,2.166666667,2.666666667,3,NA,68.164,4.221916566,68.164
63,224,1,3,2,3,3,0,,,15,9,3,4,4,3,4,NA,NA,NA,,NA,2,,2,2,1,6,6,1,5,1,1,2,2,1,1,1,3,1,4,1,1,1,2.666666667,2.333333333,3.5,NA,25.852,3.252387967,25.852
66,301,3,4,4,3,3,1,september 11 2019,september 11 2019,18,15,4,5,4,5,4,NA,NA,NA,,NA,2,,1,1,2,5,6,2,4,2,2,2,2,1,1,1,2,1,4,1,1,1,2.5,2.666666667,4.5,13.58,40.747,3.707382217,40.747
70,306,3,3,2,2,1,0,,,19,9,4,5,4,5,4,NA,NA,NA,,NA,2,,4,2,6,6,3,2,4,2,4,3,2,1,1,1,2,3,4,1,3,1,2.833333333,3.333333333,3.5,NA,NA,NA,NA
71,307,4,4,4,4,3,1,8/28/17,8/13/19,20,11,4,5,4,4,4,NA,NA,NA,,NA,2,,3,3,5,2,5,2,4,2,4,2,2,1,1,1,3,2,3,2,1,1,3.333333333,3.333333333,4.5,11.58,64.233,4.162517097,64.233
76,314,3,3,1,4,3,1,"july,22,2019","october,23,2019",23,15,4,5,4,3,4,NA,NA,NA,,NA,2,,1,1,7,7,7,1,1,1,1,2,2,1,1,1,1,1,1,1,1,1,1,1,4,11.7,71.414,4.268493929,71.414
77,316,3,2,3,2,3,0,,,14,5,2,3,2,3,4,NA,NA,NA,,NA,2,,2,2,7,6,5,1,2,1,1,2,2,1,1,1,1,3,5,1,1,1,1.833333333,1.333333333,2.5,NA,36.155,3.587815252,36.155
78,317,3,3,3,3,3,1,may 5 2019,december 12 2019,20,13,4,4,5,5,4,NA,NA,NA,,NA,2,,1,1,7,7,7,1,2,1,1,2,2,1,1,1,1,1,5,1,1,1,1,1.333333333,4.5,11.7,163.522,4.395412402,115.7139552
12,38,NA,NA,NA,NA,NA,NA,NA,NA,NA,NA,NA,NA,NA,NA,NA,NA,NA,NA,NA,NA,NA,NA,NA,NA,NA,NA,NA,NA,NA,NA,NA,NA,NA,NA,NA,NA,NA,NA,NA,NA,NA,NA,NA,NA,NA,NA,28.546,3.351516821,28.546